GivenName,Surname,Name,samAccountName,ParentOU
Frank,Sinatra,Frank Sinatra,franks,"OU=Corp_Users,DC=sprdemo,DC=org"
Dean,Martin,Dean Martin,deanm,"OU=Corp_Users,DC=sprdemo,DC=org"
Sammy,Davis Jr.,Sammy Davis Jr.,sammyd,"OU=Corp_Users,DC=sprdemo,DC=org"
Peter,Lawford,Peter Lawford,peterl,"OU=Corp_Users,DC=sprdemo,DC=org"
Joey,Bishop,Joey Bishop,joeyb,"OU=Corp_Users,DC=sprdemo,DC=org"
